idx|topic|clean_doc|clean_source
1|Can advancements in technology offer solutions to air pollution?|Having dirtied the earth, air, and water for more than a century, technology is now showing promise in environmental cleanup. Technological innovations specifically aimed at reducing pollution-from cleaner manufacturing processes to flue gas scrubbers to catalytic converters-now figure prominently in mitigating some of the growing pains of an increasingly technological world.|naturalcorpus.jsonl#L417
2|Did Thomas Edison steal patents and ideas from Nikola Tesla?|Hey guys! All the time, I see posts and articles that claim that Edison stole ideas/inventions from Tesla. I tried researching myself and came up with nothing solid. Did Edison actually steal from him, or is it just a myth?|naturalcorpus.jsonl#L677
3|Is Harry's Place accountable for its content and impact on public discourse?|Any good analysis of time, place, and manner begins with the place. Place will be the most critical aspect of the legal doctrine that courts will apply. As a general rule, speech, as the courts define things, occurs in one of three kinds of places: traditional public forums, limited public forums (also called “designated public forums”), or nonpublic forums.|naturalcorpus.jsonl#L1249
4|Should sperm banks be required to disclose the number of children born from a single donor?|Recent media attention on sperm donors who have created more than 100 families nationwide has a lot of sperm bank clients questioning how family numbers are reported and managed. Like most major sperm banks, SSB relies on self-reporting by our clients or their health care providers to track how many children have been conceived and born using the same donor. Consenting to reporting a live birth is mandated in the Purchaser Semen and Storage Agreement Form , which is required for all purchasers to sign prior to their first shipment. Birth reporting is also mandatory to access our own donor sibling registry, SSB Connects , which is used by about 70% of our clients.|naturalcorpus.jsonl#L2259
5|Should Norwegian be the only official language in Norway?|"In Norway, the indigenous languages, Norwegian and Sámi , [b] have official status. Out of them, Norwegian is the most widely spoken language in Norway. English , a foreign language, is the second most widely spoken language in Norway. As of 2013, [update] there are 4.5 million English-speakers (approximately 88% of the Norwegian population).
Norwegian [ edit ]
The most widely spoken language in Norway is Norwegian. It is a North Germanic language , closely related to Swedish and Danish , all linguistic descendants of Old Norse . Norwegian is used by some 95% of the population as a first language. The language has two separate written standards : Nynorsk (""New Norwegian"", ""New"" in the sense of contemporary or modern as opposed to old Norse) and Bokmål (""Book Language/Tongue/Speech""), both of which are official.
Norwegian language struggle [ edit ] The Kingdom of Denmark-Norway until 1814"|naturalcorpus.jsonl#L2579
6|Is the cause behind the Ozone hole man-made?|In the past, it was commonly believed that the ozone hole is a natural disaster caused by exhaust, fumes, and other environmental pollutants. Thus, scientists have predicted an imminent environmental catastrophe within a few years that would result in the destruction of the protective layer that shields Earth from harmful Sun radiations. However, a recently-emerging theory completely rejects the notion; instead, it confirms the existence of this hole for a long time, claiming it is a natural phenomenon that is not cause for concern. To present the two theories with proof and evidence, there are some facts that we need to understand about the ozone layer.|naturalcorpus.jsonl#L2291
7|Should Quebec prioritize environmental regulations and renewable energy?|"The Québec Green Hydrogen and Bioenergy Strategy has the purpose of creating a coherent framework and a favourable environment to accelerate the production, distribution and use of green hydrogen and bioenergy.
These energy sectors can provide solutions to replace fossil fuels and reduce GHG emissions, even in the most polluting sectors of activity, such as transportation and industry.
In the pursuit of its energy transition and on the strength of its natural resources, Québec intends to increase the role of green hydrogen and bioenergy in its energy portfolio in view of decarbonizing and strengthening its economy.
Québec has set objectives to fight climate change: reduce its GHG emissions 37.5% below the 1990 level by 2030 reduce its consumption of petroleum products 40% below the 2013 level by 2030 achieve carbon neutrality by the 2050 horizon"|naturalcorpus.jsonl#L1498
8|Should white rappers be allowed to use the N-word in their lyrics?|"Altogether, then, the use of the n-word in hip-hop is about identity and survival. When a Black emcee says the n-word, it is intended without derogation. So can white hip-hop heads — like me — and other non-Black people rap along without being offensive?
It is never OK: Eminem
In my rap linguistics course a few years ago, a student of South Asian heritage made a memorable class presentation titled, “The meaning of n-gga .” He’d asked a Black childhood friend to join him in class that day, to stand beside him, and to say each instance of the n-word in his stead. My student said that though he is a person of colour and an emcee immersed in hip-hop culture, from a “hood area” in Northeast Calgary, he makes a point of never saying this word, even with Black friends who encourage him to use it. One of his idols, white rapper Eminem, never does either.
It is never OK for white folks to use the n-word. Famous white rapper Eminem agrees. (AP Photo/Chris Pizzello)"|naturalcorpus.jsonl#L3274
9|Is the Christian Coalition of America's advocacy for conservative values consistent with biblical principles?|"The Christian Coalition of America (CCA) is a social-conservative advocacy group formed in 1988 as the Christian Coalition by Christian broadcaster and Republican Presidential candidate Marion Gordon “Pat” Robertson. The group is ecumenical, and includes supporters representing many Protestant denominations and Roman Catholicism.
CCA espouses conservative positions on many public policy issues, such as family values and foreign policy, but also advocates for strong government support of environmentalist energy sources such as wind and solar to offset the country’s dependence on both foreign and domestic oil sources. The group advocates against policies the group perceives as discriminatory towards Christians in the US military, against public funding of abortion, for ending embryonic stem cell research, for ending federal funding of the Planned Parenthood Federation of America (PPFA) , and for repealing and replacing Obamacare .
Founding and History"|naturalcorpus.jsonl#L516
10|Should Kombucha be considered a part of the functional food movement?|Did you know that the gut, one of the largest organs in the body, is home to 70% of all immune cells? Taking good care of your gut is the first step in improving your body's defense. Health professionals are paying a lot of attention to naturally fermented foods these days as they can boost your gut microbiome, which consists of about 100 trillion bacteria and germs that reside in your digestive system. Kombucha is one of the functional beverages that is fermented for a long time from simple, pure raw materials. As a result, it contains a lot of antioxidants, prebiotics, and natural tea polyphenols. Drinking kombucha regularly can improve one's health and supports digestion and metabolism. There is a variety of functional drink options available in most markets however, consumers often worry about the low-fiber, high-sugar, and high-calorie beverage options when adding them to their diet. And at this point, kombucha comes to mind as it belongs to none of those categories and there is|naturalcorpus.jsonl#L2700
11|Should the Muslim Brotherhood be allowed to participate in elections?|its signature among many. Nevertheless, the organization went on the record against attacks on innocents. One of the characteristics of the Brotherhood in Egypt that most infuriates al-Qaeda is its willingness to participate in the democratic process. In a slight nod toward political reform by President Mubarak, 2005 marked the first time Egyptians could vote for more than one candidate. In the election for parliament, Muslim Brotherhood members running as independents captured approximately one-fifth of the seats (88 out of 444). Banned as a political party, the Brotherhood was the only opposition party to be organized in every region of Egypt.|naturalcorpus.jsonl#L3421
12|Can shoe fetishism be considered a mental disorder?|"Should a sexual fixation on shoes or a predilection for pain land you in the psychiatrist's bible of diagnoses? Plenty of kinksters say no, but psychiatrists say yes — for now. 
The newest Diagnostic and Statistical Manual of Mental Disorders , known as the DSM-5, is due out in May. The book sets the standard criteria for psychiatric diagnoses (not to mention health insurance reimbursement), making its pronouncements crucial to mental health treatment.
The exact wording of the new DSM is being kept under strict wraps until its publication. But proposed changes discussed online by the American Psychiatric Association researchers who worked on the new edition suggest that foot fetishists and bondage aficionados who hoped to get out of the book altogether won't see that wish come true."|naturalcorpus.jsonl#L1559
13|Should the federal government regulate hydraulic fracturing in the United States?|costs, natural resource damages, and the costs of federal public health studies. However, federal regulations on fracturing overall have not been stringent enough. Proper documentation/reporting systems for wastewater discharge and spills need to be enforced at the federal, state, and industrial level and UIC requirements under SDWA should be extended to hydraulic fracturing operations regardless if diesel fuel is used as a fracturing fluid (or a component of a fracturing fluid) or not. Furthermore, federal laws mandating hydraulic companies to disclose fracturing fluid composition and concentration not only to federal and state regulatory agencies but also to health care professionals would encourage this practice. Only the full disclosure of fracturing chemicals will allow future research to fill the knowledge gaps for a better understanding of the impacts of hydraulic fracturing on human health and environment [ 19 , 20 ] as well as to determine if any further regulations or the|naturalcorpus.jsonl#L960
14|Should teenagers be allowed to work part-time jobs during the school year?|"Should a Teenager Work While in School?
An article published by Walden University stated the following facts and asked an important question. 
“Nearly 30% of high school students are employed in a job for at least a portion of the school year. For many, working a job provides spending money for a social life. For others, working is necessary to help the family make ends meet or to save for college. But outside of the money earned, is being employed while learning a good thing?” Walden University – Online Doctorate Program Article
In today’s fast-paced world, high school students are often overwhelmed with academic demands and extracurricular activities. The prevailing belief is that school should be their primary focus. However, overlooking the value of part-time jobs can lead to missed opportunities for vital skill-building outside of academics."|naturalcorpus.jsonl#L3535
15|Should Occitania be recognized as a separate nation?|"Occitania is the biggest nation without a state in Europe is. It is located between the Atlantic Ocean and the Mediterranean Sea in most of what nowadays is southern France, an Italian region called “Valadas”, and in Spain, in the Aran Valley.
What makes Occitania united as a nation is the common language. Although historically Occitania has never been politically united, sharing a common language has provided the different Occitan regions with a common identity; furthermore, the nation has been named after the language. During the Middle Ages, the language of Oc was the most cultivated language of all in Europe; sadly, the historical and violent French repression has highly endangered it."|naturalcorpus.jsonl#L217
16|Should filmmakers be held accountable for the excessive time and budget spent in development hell that translates into poor-quality movies?|"After Shiva Baby , Emma Seligman (L) has had to navigate the problems that come with a higher budget. Making her next project, Orion’s Bottoms , Seligman led a team of 200 some-odd people, which slowed the process–and sowed conflict. Utopia
Some of these filmmakers also worry that Hollywood will take the wrong lessons from these movies. At the moment, the ability to make a $50,000 feature that rivals the quality of something made for $5 million is an exciting democratization, but it’s easy to imagine how that advancement might be exploited. “The second you tell people who finance movies that they're paying five million dollars for something they could be paying fifty grand for, we're just going to continue to erode at the idea that anyone could ever make a living doing this,” says Free Time director Ryan Martin Brown."|naturalcorpus.jsonl#L3638
17|Is “An Inconvenient Truth” effective in persuading skeptics to believe in climate change?|"At a glance
An Inconvenient Truth is an award-winning documentary-style film that was released in September 2006, featuring the former U.S. Vice-president Al Gore. All about climate change, it was loved by many but vociferously loathed by some.
The film did contain a few errors, but that's not surprising given it was about climate science but created by a well-meaning politician. In reality, the reaction to it in certain quarters did a great deal to expose the simplistic mindset of the climate science denier. In their world, any error, however small, invalidates our entire understanding of how the planet works. It's like saying that because a single doctor misdiagnoses a condition, medicine should be abolished in its entirety."|naturalcorpus.jsonl#L999
18|Should file sharing be legalized?|"Is file sharing or torrents illegal or legal?
Updated: 12/30/2019 by Computer Hope
Notice:
Computer Hope does not provide legal advice or representation. This page was created solely to provide general information for readers who have asked this question on our site.
Is file sharing illegal?
No, it's 100% legal . In no state in the United States or in any other country is file sharing illegal. However, if you're sharing Copyrighted content with other people, this is considered illegal. Below are examples of when file sharing becomes illegal in many places around the world. Downloading or sharing a Copyrighted movie. Sharing Copyrighted songs (music) to other people who have not purchased those songs or downloading songs from other people when you've not purchased that song. Sharing or downloading computer software (programs, games, etc.). Downloading or sharing a Copyrighted TV show or program.
How do I know if something is Copyrighted?"|naturalcorpus.jsonl#L1614
19|Should communities affected by hydraulic fracturing activities have the legal right to sue companies for damages caused?|Regulation of hydraulic fracturing by local governments has raised questions about state preemption of municipal land use and zoning powers. Courts in a few states have ruled that local governments may regulate where drilling occurs but not how it occurs. 293 In addition, owners of property located near oil and gas operations have brought common law state tort claims against operators, including claims for negligence, strict liability, nuisance, and trespass to land. 294 Although this litigation is still in its early stages, it appears that courts have already faced questions about causation; whether hydraulic fracturing is an abnormally dangerous activity; and whether hydraulic fracturing may constitute a subsurface trespass to land. A recent federal district court decision invalidated BLM's adoption of safety and disclosure requirements for hydraulic fracturing on federal lands, although an appeal of that decision is pending.|naturalcorpus.jsonl#L185
20|Did Travis Alexander play a role in provoking Jodi Arias's violent behavior towards him?|"Despite this change, unbeknownst to his friends, Arias and Alexander continued communicating via phone and texts and engaging in phone sex. Steven Alexander said Arias was his brother's ""kryptonite.""
But in May 2008, although the reasons were unclear, Gchat and text messages revealed the two were in the midst of a huge fight, according to Jane Velez-Mitchell, author of ""Exposed: The Secret Life of Jodi Arias.""
At one point, Alexander wrote: ""You don't know what horror you have caused me.""
Jodi Arias speaks to ABC News in 2013 after her conviction. She said the first-degree murder conviction was a shock to her. She and her lawyers are appealing the conviction.
ABC News
""It wasn't really my intention to harm you,"" she responded.
He later called her a sociopath and ""the lowest of the low.""
Travis Alexander vanishes before trip to Cancun
In early June 2008, Alexander had plans to attend a company retreat in Cancun, Mexico, with a Mormon woman he was pursuing named Mimi."|naturalcorpus.jsonl#L911
21|Does Opus Dei promote a balance between work, family, and spirituality?|"You have spoken a lot about work. What place would you say work occupies in the spirituality of Opus Dei?
The vocation to Opus Dei in no way changes or modifies a person's condition or state in life. And since man's condition, his lot, is to work, the supernatural vocation to holiness and apostolate according to the spirit of Opus Dei confirms this human vocation to work. The vast majority of the members of the Work are lay people, ordinary Christians. Their condition consists in having a profession or trade which is often absorbing and by means of which they earn their living, support their family, contribute to the common good, and develop their own personality."|naturalcorpus.jsonl#L2427
22|Is it ethical to use military force to stop a genocide?|"Armed Humanitarian Intervention
Humanitarian intervention is a use of military force to address extraordinary suffering of people, such as genocide or similar, large-scale violation of basic of human rights , where people’s suffering results from their own government’s actions or failures to act.  These interventions are also called “armed interventions,” or “armed humanitarian interventions,” or “humanitarian wars. They are interventions to protect, defend, or rescue other people from gross abuse attributable to their own government.  The armed intervention is conducted without the consent of the offending nation. Those intervening militarily are one or more states, or international organizations."|naturalcorpus.jsonl#L1018
23|Will the discovery of extraterrestrial life impact world religions and belief systems?|"How would religion react if we discovered extra-terrestrial life?
The impact of finding life on another planet would be felt across every facet of society, including religion. If there is life elsewhere in the Universe, the possibility that we’ll discover it within the lifetimes of our children is high. In the past 25 years, scientists have built a powerful foundation upon which the search for extraterrestrial life can take place.
While we won’t be able to exchange messages with extraterrestrials anytime soon, by the end of this century we are likely to know if we’re alone or have biological company in our Galaxy. Humanity can make no discovery more profound than that.
The existence or non-existence of extraterrestrial life won’t prove any one theological system right or wrong.
But being able to prove that life exists will have an enormous impact on how each follower of a religion understands their own particular faith."|naturalcorpus.jsonl#L703
24|Can rap music serve as a tool for social change?|PROVIDING SUPPORT When dealing with social problems, one of the most important ways of finding a solution to the problem is to make others within our society aware of it. Rap music is a great tool for facilitating that process because due to its popularity, it has the ability to bring a message to the masses. The vast majority of rap artists are from the inner city where sub-par social conditions and inequality can be seen the most. Many times, when a rapper writes a song that speaks of violence, drug use or other criminal activity, it is because it is something that they have seen in their living environment and therefore are in a good position to give a detailed account of how life is there. Some rappers may admit to participating in some of the aforementioned activity but again, it does not always mean that they are glorifying it. A certain story may be told to give hope and let a listener know that just because they have made mistakes in the past, it does not mean that they cannot|naturalcorpus.jsonl#L3718
25|Is pop punk becoming too homogenized and lacking in diversity within its sound and representation?|If you were to look up pictures of all the bands mentioned thus far, they all have one thing in common: a glaring lack of diversity — racially and gender-wise. And things aren’t looking up. There aren’t even many statistics online that explicitly show why there needs to be a change. Pop punk has existed in the mainstream for over 40 years, yet there’s no signs of progress in diversification. So what gives?|naturalcorpus.jsonl#L528
26|Does the 24-hour news cycle make cable news outlets prioritize sensationalism over accuracy?|"The answer is a resounding no. At least not 24/7. And so, for the first time, CNN allowed viewers to tune in live to see if a schnauzer could be pulled from a truck stuck in floodwaters. Or, more precisely, it allowed viewers to watch O.J. Simpson speeding down a Los Angeles freeway in a white Ford Bronco. O.J. made the network, and a made network leads to imitators.
Fast forward to 2011: MSNBC, FOX News and the other 24-hour cable news stations now compete for viewers. But with these channels limited by the same world events over the same time period, how is a cable news station to elbow its way into the most households?
The answer, in part, is sensationalism. MSNBC, CNN and FOX News report the same news, but that doesn't mean they report the same stories. And while news is limited by the size of an event, a story is limited only by the size of cable news producers' imaginations. If ever the axiom ""Go big or go home"" applies, it's in the realm of cable news."|naturalcorpus.jsonl#L2732
27|Should vaccines be required for all healthcare workers?|"Which personnel in healthcare facilities are exempt from vaccination requirements?
The vaccination requirements apply to all Personnel who regularly work in Healthcare Facilities. But there are limited exemptions to vaccination requirements for religious beliefs and qualifying medical reasons. To claim an exemption, Personnel in Healthcare Facilities must submit a declination form to their employer or organization. An exemption from vaccination requirement does not extend to masking requirement – all Personnel who work in Healthcare Facilities are still required to wear a well-fitted mask when interacting with patients, clients, residents, or people who are incarcerated. Use of non-vented N95 masks is strongly encouraged. 
I am a new employee in a healthcare facility who is just getting up-to-date on my vaccination. When do I need to receive my vaccinations?"|naturalcorpus.jsonl#L1716
28|Did Sigmund Freud's emphasis on sexuality stigmatize women?|"Sigmund Freud’s views on women stirred controversy during his own lifetime and continue to evoke considerable debate today. ""Women oppose change, receive passively, and add nothing of their own,"" he wrote in a 1925 paper entitled ""The Psychical Consequences of the Anatomic Distinction Between the Sexes.""
Donna Stewart, M.D., a professor and chair of women’s health at the University Health Network, explained, ""Freud was a man of his times. He was opposed to the women’s emancipation movement and believed that women’s lives were dominated by their sexual reproductive functions.""
""The great question that has never been answered, and which I have not yet been able to answer, despite my thirty years of research into the feminine soul, is 'What does a woman want?'"" Freud once mused in ""Sigmund Freud: Life and Work"" by Ernest Jones.
Penis Envy"|naturalcorpus.jsonl#L1376
29|Should different materials be recycled differently to improve sustainability?|Recycling is an important factor in conserving natural resources and greatly contributes towards improving the environment. Recycling conserves natural resources, such as wood, water, minerals, and fossil fuels, because materials can be reused . When we make new products, we use resources like petroleum (to make plastic bags), iron ore (to make steel cans), trees (to make paper), aluminum (to make cans).  Glass, steel, aluminum and plastic can be recycled over and over again. Recycling metal, plastic and glass decreases resource depletion, and reduces the ecosystem destruction of mining, drilling and deforestation.|naturalcorpus.jsonl#L2038
30|Is it ethical to incentivize organ donation with financial rewards?|payments up to several thousand dollars. This has helped to significantly reduce the wait list time for kidney transplants. In most other countries, however, an express consent system holds place where one must consent to organ donation over a formal agreement before death. There is no additional incentive for an individual to do so; it remains a purely altruistic act. Ethical Concerns Opponents of financial incentives for organ donation are concerned about the ethics of putting a price on something as invaluable as an organ. The National Kidney Foundation refers to this act as “diminishing human dignity.” Providing any form of compensation for organs may be an affront to those who have already made an altruistic gift of life, and it could alienate those prepared to donate out of humanitarian concern. If, however, incentives are successfully presented to the public as a gift rather than a payment, this strategy may have a high potential to promote an organ donation culture. Offering a|naturalcorpus.jsonl#L4043
31|Should Black Metal musicians be held responsible for the acts of violence and crime committed by some of their fans?|"The most prominent example is Norwegian black metal artist Varg Vikernes, former bassist for the band Mayhem, who was a key player in both black metal and the neo-Nazi movement.
In 1992, Vikernes started a campaign of church burning in Norway, allegedly beginning with the 12th century Fantove Stave Church outside Bergen, according to the Los Angeles Times .
Vikernes boasted about burning churches with other members of the scene, saying he wanted to take “revenge” on Christians and bring Norway back to its pagan roots, Rolling Stone reported.
Vikernes spent 15 years in prison for arson and for the 1993 murder of his bandmate Euronymous.
But while there are subcategories of black metal that express racist or neo-Nazi views, such extremist views aren’t representative of the whole genre or the black metal community.
Louisiana suspect’s Facebook activity
From Facebook"|naturalcorpus.jsonl#L2122
32|Was Socrates a good teacher?|"Socrates: Early Years
Socrates was born and lived nearly his entire life in Athens. His father Sophroniscus was a stonemason and his mother, Phaenarete, was a midwife. As a youth, he showed an appetite for learning. Plato describes him eagerly acquiring the writings of the leading contemporary philosopher Anaxagoras and says he was taught rhetoric by Aspasia , the talented mistress of the great Athenian leader Pericles .
Did you know? Although he never outright rejected the standard Athenian view of religion, Socrates' beliefs were nonconformist. He often referred to God rather than the gods, and reported being guided by an inner divine voice .
His family apparently had the moderate wealth required to launch Socrates’ career as a hoplite (foot soldier). As an infantryman, Socrates showed great physical endurance and courage, rescuing the future Athenian leader Alcibiades during the siege of Potidaea in 432 B.C."|naturalcorpus.jsonl#L3251
33|Can safe storage and disposal of nuclear waste be ensured?|"Nuclear waste storage is a critical component of the nuclear energy industry, ensuring the long-term safety and security of radioactive materials. Proper storage methods are essential to protect human health, preserve the environment, and prevent any potential release of radioactive materials. Through rigorous regulations, robust monitoring systems, and regular maintenance programs, nuclear waste storage facilities strive to meet the highest standards of safety, reliability, and environmental protection.
The importance of proper nuclear waste storage cannot be overstated. It is through responsible storage practices that we can minimize the risks associated with radioactive waste and safeguard both present and future generations. The regulatory framework established at both the international and national levels provides the guidelines and requirements necessary for the safe storage of nuclear waste."|naturalcorpus.jsonl#L78
34|Should police officers be allowed to pursue suspects in high-speed chases?|"On the other hand, police chases often occur on public roads or in residential areas. The combination of what can be multiple vehicles going at high speeds in these areas can be deadly. That is especially true when chases go off the road, or onto the wrong side of the roads, or they involve blockades or other on-road obstruction tactics. That means that police freedom to do what they need to do must have some limitations in order to protect the public.
Accidents in Police Chases
The U.S. Department of Transportation estimates that about 250,000 high speed police chases occur nationally every year. About 6,000-8,000 result in a collision, killing around 500 people and injuring about 5,000.
In the 80s, the California Highway Patrol, trying to determine the effectiveness and necessity of high speed chases, found that 70% of chases ended with no accidents and resulted in 77% of suspects being caught, which would seem to lend credibility to the argument that police chases are necessary."|naturalcorpus.jsonl#L2206
35|Should employers be required to accommodate employees with birth defects?|"Generally, employers need not treat pregnant employees’ limitations as if they are disabilities. However, if the employee has developed a disability while pregnant, that disability may need to be accommodated because of the pregnancy.
An employer also needs to provide similar accommodations to employees with similar limitations, regardless of whether they are pregnant. If a pregnant employee is not afforded the same or similar accommodations as a similarly limited nonpregnant employee, that could be illegal discrimination based on pregnancy ."|naturalcorpus.jsonl#L3552
36|Should World Star Hip Hop work to improve its moderation of user submissions?|They might have upped the amount of views that are necessary to get on for free, so you would have to email world star for that yourself miss now. If you do decide to pay to get a article posting on world star hip hop, I suggest that you wait until you have multiple projects released, or at least some kind of catalogue of content that what people actually mess with you in your article and they decide To check to see more about you, you actually have some more for them to check out.|naturalcorpus.jsonl#L2957
37|Should Korean education prioritize teaching Hangul over Chinese characters?|education to enhance a democratic linguistic life. In many cases, those who oppose Chinese education and using Chinese characters even in parentheses don’t understand the confusion of those who don’t know Chinese characters because they can actually convert hangul into Chinese. Second, people should know Chinese characters to reduce dependency on Chinese words and to foster the ability to express and communicate in Korean. The contributions of experts who studied both Korean and Chinese languages are important, but it is important to get the cooperation of all people who use the Korean language in daily life. There is no reason to fight over hangul-only education or Chinese character education. These are two separate issues and the answer is relatively easy. One is about a controversy over the need for Chinese education, and the other, over whether to make the exposure to Chinese characters a national policy. I can conclude that the education is necessary but the exposure is|naturalcorpus.jsonl#L3955
38|Should the decision to remove Internet Explorer be left to individual users?|In conclusion, uninstalling Internet Explorer is a straightforward process, but it’s important to weigh the pros and cons before making any changes to your system. If you do choose to remove Internet Explorer, be sure to install a modern web browser to access the internet.|naturalcorpus.jsonl#L3829
39|Is MySpace still relevant in today's social media landscape?|"The Current State of Myspace
Officially, however, Myspace is far from dead. If you go to myspace.com , you’ll see that it is very much still alive, though it has mostly transitioned away from social networking to become a curated music and entertainment site. As of 2019, the site boasted over 7 million monthly visits .
In 2012, Justin Timberlake tweeted a link to a video featuring a completely new Myspace platform redesign and a new focus on bringing music and social media together. Four years later in 2016, Time Inc. acquired Myspace and other platforms owned by parent company Viant to access data that could be leveraged for ad-targeting.
On Myspace's front page, you'll find a variety of entertainment news stories not just about music, but also movies, sports, food, and other cultural topics. Profiles are still a central feature of the social network , but users are encouraged to share their own music, videos, photos, and even concert events."|naturalcorpus.jsonl#L927
40|Can pornographic magazines be used for educational purposes?|Pornography has been vouched to provision a safe outlet for sexual desires that may not be satisfied within relationships and be a facilitator of sexual release in people who do not have a partner. It has been equated with journalism, as both offer a view into the unknown or the hidden aspects. Pornography use is considered a widespread recreational activity in-line with other digitally mediated activities such as use of social media or video games. [c] Motivations for pornography use may include fantasy, habitual use, mood management , or as part of a relationship. People who regard porn as sex education material were identified as more likely to not use condoms in their own sex life , thereby assuming a higher risk of contracting sexually transmitted infections (STIs); performers working for pornographic studios undergo regular testing for STIs unlike much of the general public. Comparative studies indicate higher tolerance and consumption of pornography among people tends to be|naturalcorpus.jsonl#L4501
41|Does Opus Dei promote a healthy balance between work, family, and spirituality?|"You have spoken a lot about work. What place would you say work occupies in the spirituality of Opus Dei?
The vocation to Opus Dei in no way changes or modifies a person's condition or state in life. And since man's condition, his lot, is to work, the supernatural vocation to holiness and apostolate according to the spirit of Opus Dei confirms this human vocation to work. The vast majority of the members of the Work are lay people, ordinary Christians. Their condition consists in having a profession or trade which is often absorbing and by means of which they earn their living, support their family, contribute to the common good, and develop their own personality."|naturalcorpus.jsonl#L2427
42|Can the discovery of extraterrestrial life impact world religions and belief systems?|"How would religion react if we discovered extra-terrestrial life?
The impact of finding life on another planet would be felt across every facet of society, including religion. If there is life elsewhere in the Universe, the possibility that we’ll discover it within the lifetimes of our children is high. In the past 25 years, scientists have built a powerful foundation upon which the search for extraterrestrial life can take place.
While we won’t be able to exchange messages with extraterrestrials anytime soon, by the end of this century we are likely to know if we’re alone or have biological company in our Galaxy. Humanity can make no discovery more profound than that.
The existence or non-existence of extraterrestrial life won’t prove any one theological system right or wrong.
But being able to prove that life exists will have an enormous impact on how each follower of a religion understands their own particular faith."|naturalcorpus.jsonl#L703
43|Is pop punk becoming too homogenized and lacking in diversity?|If you were to look up pictures of all the bands mentioned thus far, they all have one thing in common: a glaring lack of diversity — racially and gender-wise. And things aren’t looking up. There aren’t even many statistics online that explicitly show why there needs to be a change. Pop punk has existed in the mainstream for over 40 years, yet there’s no signs of progress in diversification. So what gives?|naturalcorpus.jsonl#L528
44|Can measures be taken to ensure the safe storage and disposal of nuclear waste?|"By establishing a comprehensive regulatory framework, governments and international organizations aim to ensure that nuclear waste is stored safely and securely. The regulations and guidelines are continuously reviewed and updated to incorporate new scientific knowledge, technological advancements, and lessons learned from past experiences. This ongoing improvement in the regulatory framework contributes to the continuous enhancement of nuclear waste storage practices, further reducing the risks associated with radioactive materials.
Safety Measures for Nuclear Waste Storage
Nuclear waste storage requires stringent safety measures to protect the environment, human health, and prevent any potential release of radioactive materials. These safety measures are designed to ensure the long-term integrity and security of storage facilities, as well as to minimize the risks associated with the storage of nuclear waste."|naturalcorpus.jsonl#L78
45|Did Sigmund Freud's emphasis on sexuality in psychology stigmatize women and contribute to misogyny and sexism?|"Freud has also come under fire from many feminist critics. Although Freud was an early champion of both sexual freedom and education for women (Freud, "" Civilized Sexual Morality and Modern Nervousness ""), some feminists have argued that at worst his views of women's sexual development set the progress of women in Western culture back decades, and that at best they lent themselves to the ideology of female inferiority. Believing as he did that women are a kind of mutilated male, who must learn to accept their ""deformity"" (the ""lack"" of a penis) and submit to some imagined biological imperative, he contributed to the vocabulary of misogyny . Terms such as "" penis envy "" and "" castration anxiety "" contributed to discouraging women from entering any field dominated by men, until the 1970s. Some of Freud's most criticized statements appear in his 'Fragment of Analysis' on Ida Bauer such as "" This was surely just the situation to call up distinct feelings of sexual excitement in a girl of"|naturalcorpus.jsonl#L4241
46|Are measures sufficient for the safe storage and disposal of nuclear waste?|"By establishing a comprehensive regulatory framework, governments and international organizations aim to ensure that nuclear waste is stored safely and securely. The regulations and guidelines are continuously reviewed and updated to incorporate new scientific knowledge, technological advancements, and lessons learned from past experiences. This ongoing improvement in the regulatory framework contributes to the continuous enhancement of nuclear waste storage practices, further reducing the risks associated with radioactive materials.
Safety Measures for Nuclear Waste Storage
Nuclear waste storage requires stringent safety measures to protect the environment, human health, and prevent any potential release of radioactive materials. These safety measures are designed to ensure the long-term integrity and security of storage facilities, as well as to minimize the risks associated with the storage of nuclear waste."|naturalcorpus.jsonl#L78
47|Should World Star Hip Hop improve its moderation of user submissions?|They might have upped the amount of views that are necessary to get on for free, so you would have to email world star for that yourself miss now. If you do decide to pay to get a article posting on world star hip hop, I suggest that you wait until you have multiple projects released, or at least some kind of catalogue of content that what people actually mess with you in your article and they decide To check to see more about you, you actually have some more for them to check out.|naturalcorpus.jsonl#L2957
48|Is the cause of the Ozone hole man-made?|In the past, it was commonly believed that the ozone hole is a natural disaster caused by exhaust, fumes, and other environmental pollutants. Thus, scientists have predicted an imminent environmental catastrophe within a few years that would result in the destruction of the protective layer that shields Earth from harmful Sun radiations. However, a recently-emerging theory completely rejects the notion; instead, it confirms the existence of this hole for a long time, claiming it is a natural phenomenon that is not cause for concern. To present the two theories with proof and evidence, there are some facts that we need to understand about the ozone layer.|naturalcorpus.jsonl#L2291
49|Should filmmakers be held accountable for poor-quality movies?|"If the filmmaker is unsatisfied with the rating given, they also have the option to submit the film to the appeals board (Dick). The appeals process starts with the appeals board viewing the film and gathering to discuss it. The filmmaker is then brought in front of the board and is able to defend their movie with the help of an assigned MPAA attorney. Filmmakers are not allowed to argue past precedents with the film ratings of other movies. The board then calls a final vote and decides whether or not to overturn the previous rating. Unfortunately for filmmakers, overturning the previous rating is a fairly rare occurrence.
Criticism of the Rating System"|naturalcorpus.jsonl#L1422
50|Does the discovery of extraterrestrial life impact world religions and belief systems?|"How would religion react if we discovered extra-terrestrial life?
The impact of finding life on another planet would be felt across every facet of society, including religion. If there is life elsewhere in the Universe, the possibility that we’ll discover it within the lifetimes of our children is high. In the past 25 years, scientists have built a powerful foundation upon which the search for extraterrestrial life can take place.
While we won’t be able to exchange messages with extraterrestrials anytime soon, by the end of this century we are likely to know if we’re alone or have biological company in our Galaxy. Humanity can make no discovery more profound than that.
The existence or non-existence of extraterrestrial life won’t prove any one theological system right or wrong.
But being able to prove that life exists will have an enormous impact on how each follower of a religion understands their own particular faith."|naturalcorpus.jsonl#L703
51|Are man-made occurrences responsible for the Ozone hole?|In the past, it was commonly believed that the ozone hole is a natural disaster caused by exhaust, fumes, and other environmental pollutants. Thus, scientists have predicted an imminent environmental catastrophe within a few years that would result in the destruction of the protective layer that shields Earth from harmful Sun radiations. However, a recently-emerging theory completely rejects the notion; instead, it confirms the existence of this hole for a long time, claiming it is a natural phenomenon that is not cause for concern. To present the two theories with proof and evidence, there are some facts that we need to understand about the ozone layer.|naturalcorpus.jsonl#L2291
52|Should filmmakers be held accountable for excessive time and budget spent in development hell?|"Other filmmakers say that paying reduces the risk of exploitation, especially when there are power or financial imbalances between subjects and potential producers. One such example is the National Geographic doc The Territory , which follows the Uru-eu-wau-wau Indigenous community in Brazil, who are also producers. Director Alex Pritz says that they were given the titles because the community was integral to production, including camerawork; the Uru-eu-wau-wau community also received “equal portions of the backend profit” from the sale of the film.
The Territory by filmmaker Alex Pritz featured an Indigenous community in Brazil that acted as producers. Courtesy of National Geographic"|naturalcorpus.jsonl#L104
53|Did Sigmund Freud's emphasis on sexuality in psychology stigmatize women?|"Sigmund Freud’s views on women stirred controversy during his own lifetime and continue to evoke considerable debate today. ""Women oppose change, receive passively, and add nothing of their own,"" he wrote in a 1925 paper entitled ""The Psychical Consequences of the Anatomic Distinction Between the Sexes.""
Donna Stewart, M.D., a professor and chair of women’s health at the University Health Network, explained, ""Freud was a man of his times. He was opposed to the women’s emancipation movement and believed that women’s lives were dominated by their sexual reproductive functions.""
""The great question that has never been answered, and which I have not yet been able to answer, despite my thirty years of research into the feminine soul, is 'What does a woman want?'"" Freud once mused in ""Sigmund Freud: Life and Work"" by Ernest Jones.
Penis Envy"|naturalcorpus.jsonl#L1376
54|Is the Ozone hole caused by man-made occurrences?|In the past, it was commonly believed that the ozone hole is a natural disaster caused by exhaust, fumes, and other environmental pollutants. Thus, scientists have predicted an imminent environmental catastrophe within a few years that would result in the destruction of the protective layer that shields Earth from harmful Sun radiations. However, a recently-emerging theory completely rejects the notion; instead, it confirms the existence of this hole for a long time, claiming it is a natural phenomenon that is not cause for concern. To present the two theories with proof and evidence, there are some facts that we need to understand about the ozone layer.|naturalcorpus.jsonl#L2291
55|Does Opus Dei promote balance among work, family, and spirituality?|"You have spoken a lot about work. What place would you say work occupies in the spirituality of Opus Dei?
The vocation to Opus Dei in no way changes or modifies a person's condition or state in life. And since man's condition, his lot, is to work, the supernatural vocation to holiness and apostolate according to the spirit of Opus Dei confirms this human vocation to work. The vast majority of the members of the Work are lay people, ordinary Christians. Their condition consists in having a profession or trade which is often absorbing and by means of which they earn their living, support their family, contribute to the common good, and develop their own personality."|naturalcorpus.jsonl#L2427
56|Does the discovery of extraterrestrial life fundamentally challenge world religions?|"How would religion react if we discovered extra-terrestrial life?
The impact of finding life on another planet would be felt across every facet of society, including religion. If there is life elsewhere in the Universe, the possibility that we’ll discover it within the lifetimes of our children is high. In the past 25 years, scientists have built a powerful foundation upon which the search for extraterrestrial life can take place.
While we won’t be able to exchange messages with extraterrestrials anytime soon, by the end of this century we are likely to know if we’re alone or have biological company in our Galaxy. Humanity can make no discovery more profound than that.
The existence or non-existence of extraterrestrial life won’t prove any one theological system right or wrong.
But being able to prove that life exists will have an enormous impact on how each follower of a religion understands their own particular faith."|naturalcorpus.jsonl#L703
57|Can the safe storage and disposal of nuclear waste be ensured?|"Nuclear waste storage is a critical component of the nuclear energy industry, ensuring the long-term safety and security of radioactive materials. Proper storage methods are essential to protect human health, preserve the environment, and prevent any potential release of radioactive materials. Through rigorous regulations, robust monitoring systems, and regular maintenance programs, nuclear waste storage facilities strive to meet the highest standards of safety, reliability, and environmental protection.
The importance of proper nuclear waste storage cannot be overstated. It is through responsible storage practices that we can minimize the risks associated with radioactive waste and safeguard both present and future generations. The regulatory framework established at both the international and national levels provides the guidelines and requirements necessary for the safe storage of nuclear waste."|naturalcorpus.jsonl#L78
58|Should military force be used to stop a genocide?|A genocide-prevention division within the U.S. Army would circumvent this problem. Since its only mission would be to stop genocides, deploying the force would never require us to ask more of soldiers who already have their hands full with other conflicts. Moreover, those volunteering for the new force would know exactly what they were getting into and enlist specifically because they embraced the mission. These soldiers could be recruited from the ranks of idealistic college and high school students across the nation who have done so much to keep Darfur in the public eye.|naturalcorpus.jsonl#L1019
59|Can the discovery of extraterrestrial life challenge existing religious beliefs?|"How would religion react if we discovered extra-terrestrial life?
The impact of finding life on another planet would be felt across every facet of society, including religion. If there is life elsewhere in the Universe, the possibility that we’ll discover it within the lifetimes of our children is high. In the past 25 years, scientists have built a powerful foundation upon which the search for extraterrestrial life can take place.
While we won’t be able to exchange messages with extraterrestrials anytime soon, by the end of this century we are likely to know if we’re alone or have biological company in our Galaxy. Humanity can make no discovery more profound than that.
The existence or non-existence of extraterrestrial life won’t prove any one theological system right or wrong.
But being able to prove that life exists will have an enormous impact on how each follower of a religion understands their own particular faith."|naturalcorpus.jsonl#L703
60|Did Sigmund Freud's emphasis on sexuality in psychology contribute to sexism?|"Sigmund Freud’s views on women stirred controversy during his own lifetime and continue to evoke considerable debate today. ""Women oppose change, receive passively, and add nothing of their own,"" he wrote in a 1925 paper entitled ""The Psychical Consequences of the Anatomic Distinction Between the Sexes.""
Donna Stewart, M.D., a professor and chair of women’s health at the University Health Network, explained, ""Freud was a man of his times. He was opposed to the women’s emancipation movement and believed that women’s lives were dominated by their sexual reproductive functions.""
""The great question that has never been answered, and which I have not yet been able to answer, despite my thirty years of research into the feminine soul, is 'What does a woman want?'"" Freud once mused in ""Sigmund Freud: Life and Work"" by Ernest Jones.
Penis Envy"|naturalcorpus.jsonl#L1376
61|Is shoe fetishism considered a mental disorder?|"Should a sexual fixation on shoes or a predilection for pain land you in the psychiatrist's bible of diagnoses? Plenty of kinksters say no, but psychiatrists say yes — for now. 
The newest Diagnostic and Statistical Manual of Mental Disorders , known as the DSM-5, is due out in May. The book sets the standard criteria for psychiatric diagnoses (not to mention health insurance reimbursement), making its pronouncements crucial to mental health treatment.
The exact wording of the new DSM is being kept under strict wraps until its publication. But proposed changes discussed online by the American Psychiatric Association researchers who worked on the new edition suggest that foot fetishists and bondage aficionados who hoped to get out of the book altogether won't see that wish come true."|naturalcorpus.jsonl#L1564
62|Is pop punk losing diversity in sound and representation?|If you were to look up pictures of all the bands mentioned thus far, they all have one thing in common: a glaring lack of diversity — racially and gender-wise. And things aren’t looking up. There aren’t even many statistics online that explicitly show why there needs to be a change. Pop punk has existed in the mainstream for over 40 years, yet there’s no signs of progress in diversification. So what gives?|naturalcorpus.jsonl#L528
