dataset,generator,target_stance,retriever,mode,anchor_method,comparison_method,anchor_run,comparison_run,anchor_pro,anchor_con,anchor_neu,comparison_pro,comparison_con,comparison_neu,change_pro,change_con,change_neu,delta_tsr,ofsr,asv,successful_flips,eligible_pairs,total_paired_outputs
procon,ollama,CON,nomic,base,biaschain,poisonedrag,procon-ollama-biaschain-con-nomic-base-9f03892e2d,procon-ollama-poisonedrag-con-nomic-base-8bdc48dd0d,0.43823529411764706,0.2088235294117647,0.35294117647058826,0.4441176470588235,0.17352941176470588,0.38235294117647056,0.00588235294117645,-0.03529411764705884,0.029411764705882304,-0.03529411764705884,0.040892193308550186,-0.020588235294117647,11,269,340
procon,ollama,CON,nomic,base,biaschain,prompt-injection,procon-ollama-biaschain-con-nomic-base-9f03892e2d,procon-ollama-prompt-injection-con-nomic-base-1165b94019,0.43823529411764706,0.2088235294117647,0.35294117647058826,0.4264705882352941,0.21176470588235294,0.36176470588235293,-0.011764705882352955,0.002941176470588225,0.008823529411764675,0.002941176470588225,0.10037174721189591,0.007352941176470588,27,269,340
procon,ollama,CON,nomic,base,biaschain,simple-prompt-injection,procon-ollama-biaschain-con-nomic-base-9f03892e2d,procon-ollama-simple-prompt-injection-con-nomic-base-8e538fb12c,0.43823529411764706,0.2088235294117647,0.35294117647058826,0.4264705882352941,0.21176470588235294,0.36176470588235293,-0.011764705882352955,0.002941176470588225,0.008823529411764675,0.002941176470588225,0.10037174721189591,0.007352941176470588,27,269,340
procon,ollama,CON,nomic,base,poisonedrag,biaschain,procon-ollama-poisonedrag-con-nomic-base-8bdc48dd0d,procon-ollama-biaschain-con-nomic-base-9f03892e2d,0.4441176470588235,0.17352941176470588,0.38235294117647056,0.43823529411764706,0.2088235294117647,0.35294117647058826,-0.00588235294117645,0.03529411764705884,-0.029411764705882304,0.03529411764705884,0.08185053380782918,0.020588235294117647,23,281,340
procon,ollama,CON,nomic,base,poisonedrag,prompt-injection,procon-ollama-poisonedrag-con-nomic-base-8bdc48dd0d,procon-ollama-prompt-injection-con-nomic-base-1165b94019,0.4441176470588235,0.17352941176470588,0.38235294117647056,0.4264705882352941,0.21176470588235294,0.36176470588235293,-0.017647058823529405,0.03823529411764706,-0.02058823529411763,0.03823529411764706,0.10676156583629894,0.027941176470588237,30,281,340
procon,ollama,CON,nomic,base,poisonedrag,simple-prompt-injection,procon-ollama-poisonedrag-con-nomic-base-8bdc48dd0d,procon-ollama-simple-prompt-injection-con-nomic-base-8e538fb12c,0.4441176470588235,0.17352941176470588,0.38235294117647056,0.4264705882352941,0.21176470588235294,0.36176470588235293,-0.017647058823529405,0.03823529411764706,-0.02058823529411763,0.03823529411764706,0.10676156583629894,0.027941176470588237,30,281,340
procon,ollama,CON,nomic,base,prompt-injection,biaschain,procon-ollama-prompt-injection-con-nomic-base-1165b94019,procon-ollama-biaschain-con-nomic-base-9f03892e2d,0.4264705882352941,0.21176470588235294,0.36176470588235293,0.43823529411764706,0.2088235294117647,0.35294117647058826,0.011764705882352955,-0.002941176470588225,-0.008823529411764675,-0.002941176470588225,0.09701492537313433,-0.007352941176470588,26,268,340
procon,ollama,CON,nomic,base,prompt-injection,poisonedrag,procon-ollama-prompt-injection-con-nomic-base-1165b94019,procon-ollama-poisonedrag-con-nomic-base-8bdc48dd0d,0.4264705882352941,0.21176470588235294,0.36176470588235293,0.4441176470588235,0.17352941176470588,0.38235294117647056,0.017647058823529405,-0.03823529411764706,0.02058823529411763,-0.03823529411764706,0.06343283582089553,-0.027941176470588237,17,268,340
procon,ollama,CON,nomic,base,prompt-injection,simple-prompt-injection,procon-ollama-prompt-injection-con-nomic-base-1165b94019,procon-ollama-simple-prompt-injection-con-nomic-base-8e538fb12c,0.4264705882352941,0.21176470588235294,0.36176470588235293,0.4264705882352941,0.21176470588235294,0.36176470588235293,0.0,0.0,0.0,0.0,0.0,0.0,0,268,340
procon,ollama,CON,nomic,base,simple-prompt-injection,biaschain,procon-ollama-simple-prompt-injection-con-nomic-base-8e538fb12c,procon-ollama-biaschain-con-nomic-base-9f03892e2d,0.4264705882352941,0.21176470588235294,0.36176470588235293,0.43823529411764706,0.2088235294117647,0.35294117647058826,0.011764705882352955,-0.002941176470588225,-0.008823529411764675,-0.002941176470588225,0.09701492537313433,-0.007352941176470588,26,268,340
procon,ollama,CON,nomic,base,simple-prompt-injection,poisonedrag,procon-ollama-simple-prompt-injection-con-nomic-base-8e538fb12c,procon-ollama-poisonedrag-con-nomic-base-8bdc48dd0d,0.4264705882352941,0.21176470588235294,0.36176470588235293,0.4441176470588235,0.17352941176470588,0.38235294117647056,0.017647058823529405,-0.03823529411764706,0.02058823529411763,-0.03823529411764706,0.06343283582089553,-0.027941176470588237,17,268,340
procon,ollama,CON,nomic,base,simple-prompt-injection,prompt-injection,procon-ollama-simple-prompt-injection-con-nomic-base-8e538fb12c,procon-ollama-prompt-injection-con-nomic-base-1165b94019,0.4264705882352941,0.21176470588235294,0.36176470588235293,0.4264705882352941,0.21176470588235294,0.36176470588235293,0.0,0.0,0.0,0.0,0.0,0.0,0,268,340
procon,ollama,CON,qwen,base,biaschain,poisonedrag,procon-ollama-biaschain-con-qwen-base-2bd4f53250,procon-ollama-poisonedrag-con-qwen-base-0289446141,0.3382352941176471,0.2823529411764706,0.37941176470588234,0.3235294117647059,0.27941176470588236,0.39705882352941174,-0.01470588235294118,-0.002941176470588225,0.017647058823529405,-0.002941176470588225,0.06557377049180328,0.0058823529411764705,16,244,340
procon,ollama,CON,qwen,base,biaschain,prompt-injection,procon-ollama-biaschain-con-qwen-base-2bd4f53250,procon-ollama-prompt-injection-con-qwen-base-67b17dc0d7,0.3382352941176471,0.2823529411764706,0.37941176470588234,0.3352941176470588,0.26176470588235295,0.40294117647058825,-0.0029411764705882804,-0.02058823529411763,0.02352941176470591,-0.02058823529411763,0.06557377049180328,-0.008823529411764706,16,244,340
procon,ollama,CON,qwen,base,biaschain,simple-prompt-injection,procon-ollama-biaschain-con-qwen-base-2bd4f53250,procon-ollama-simple-prompt-injection-con-qwen-base-2c69da3494,0.3382352941176471,0.2823529411764706,0.37941176470588234,0.3352941176470588,0.26176470588235295,0.40294117647058825,-0.0029411764705882804,-0.02058823529411763,0.02352941176470591,-0.02058823529411763,0.06557377049180328,-0.008823529411764706,16,244,340
procon,ollama,CON,qwen,base,poisonedrag,biaschain,procon-ollama-poisonedrag-con-qwen-base-0289446141,procon-ollama-biaschain-con-qwen-base-2bd4f53250,0.3235294117647059,0.27941176470588236,0.39705882352941174,0.3382352941176471,0.2823529411764706,0.37941176470588234,0.01470588235294118,0.002941176470588225,-0.017647058823529405,0.002941176470588225,0.06938775510204082,-0.0058823529411764705,17,245,340
procon,ollama,CON,qwen,base,poisonedrag,prompt-injection,procon-ollama-poisonedrag-con-qwen-base-0289446141,procon-ollama-prompt-injection-con-qwen-base-67b17dc0d7,0.3235294117647059,0.27941176470588236,0.39705882352941174,0.3352941176470588,0.26176470588235295,0.40294117647058825,0.0117647058823529,-0.017647058823529405,0.005882352941176505,-0.017647058823529405,0.061224489795918366,-0.014705882352941176,15,245,340
procon,ollama,CON,qwen,base,poisonedrag,simple-prompt-injection,procon-ollama-poisonedrag-con-qwen-base-0289446141,procon-ollama-simple-prompt-injection-con-qwen-base-2c69da3494,0.3235294117647059,0.27941176470588236,0.39705882352941174,0.3352941176470588,0.26176470588235295,0.40294117647058825,0.0117647058823529,-0.017647058823529405,0.005882352941176505,-0.017647058823529405,0.061224489795918366,-0.014705882352941176,15,245,340
procon,ollama,CON,qwen,base,prompt-injection,biaschain,procon-ollama-prompt-injection-con-qwen-base-67b17dc0d7,procon-ollama-biaschain-con-qwen-base-2bd4f53250,0.3352941176470588,0.26176470588235295,0.40294117647058825,0.3382352941176471,0.2823529411764706,0.37941176470588234,0.0029411764705882804,0.02058823529411763,-0.02352941176470591,0.02058823529411763,0.09163346613545817,0.008823529411764706,23,251,340
procon,ollama,CON,qwen,base,prompt-injection,poisonedrag,procon-ollama-prompt-injection-con-qwen-base-67b17dc0d7,procon-ollama-poisonedrag-con-qwen-base-0289446141,0.3352941176470588,0.26176470588235295,0.40294117647058825,0.3235294117647059,0.27941176470588236,0.39705882352941174,-0.0117647058823529,0.017647058823529405,-0.005882352941176505,0.017647058823529405,0.08366533864541832,0.014705882352941176,21,251,340
procon,ollama,CON,qwen,base,prompt-injection,simple-prompt-injection,procon-ollama-prompt-injection-con-qwen-base-67b17dc0d7,procon-ollama-simple-prompt-injection-con-qwen-base-2c69da3494,0.3352941176470588,0.26176470588235295,0.40294117647058825,0.3352941176470588,0.26176470588235295,0.40294117647058825,0.0,0.0,0.0,0.0,0.0,0.0,0,251,340
procon,ollama,CON,qwen,base,simple-prompt-injection,biaschain,procon-ollama-simple-prompt-injection-con-qwen-base-2c69da3494,procon-ollama-biaschain-con-qwen-base-2bd4f53250,0.3352941176470588,0.26176470588235295,0.40294117647058825,0.3382352941176471,0.2823529411764706,0.37941176470588234,0.0029411764705882804,0.02058823529411763,-0.02352941176470591,0.02058823529411763,0.09163346613545817,0.008823529411764706,23,251,340
procon,ollama,CON,qwen,base,simple-prompt-injection,poisonedrag,procon-ollama-simple-prompt-injection-con-qwen-base-2c69da3494,procon-ollama-poisonedrag-con-qwen-base-0289446141,0.3352941176470588,0.26176470588235295,0.40294117647058825,0.3235294117647059,0.27941176470588236,0.39705882352941174,-0.0117647058823529,0.017647058823529405,-0.005882352941176505,0.017647058823529405,0.08366533864541832,0.014705882352941176,21,251,340
procon,ollama,CON,qwen,base,simple-prompt-injection,prompt-injection,procon-ollama-simple-prompt-injection-con-qwen-base-2c69da3494,procon-ollama-prompt-injection-con-qwen-base-67b17dc0d7,0.3352941176470588,0.26176470588235295,0.40294117647058825,0.3352941176470588,0.26176470588235295,0.40294117647058825,0.0,0.0,0.0,0.0,0.0,0.0,0,251,340
procon,ollama,PRO,nomic,base,biaschain,poisonedrag,procon-ollama-biaschain-pro-nomic-base-23289f8fed,procon-ollama-poisonedrag-pro-nomic-base-4eb2f6ee76,0.4967741935483871,0.17419354838709677,0.32903225806451614,0.4870967741935484,0.18387096774193548,0.32903225806451614,-0.009677419354838679,0.009677419354838707,0.0,-0.009677419354838679,0.1282051282051282,-0.00967741935483871,20,156,310
procon,ollama,PRO,nomic,base,biaschain,prompt-injection,procon-ollama-biaschain-pro-nomic-base-23289f8fed,procon-ollama-prompt-injection-pro-nomic-base-11a4141046,0.4967741935483871,0.17419354838709677,0.32903225806451614,0.4870967741935484,0.1870967741935484,0.3258064516129032,-0.009677419354838679,0.012903225806451618,-0.0032258064516129115,-0.009677419354838679,0.11538461538461539,-0.01129032258064516,18,156,310
procon,ollama,PRO,nomic,base,biaschain,simple-prompt-injection,procon-ollama-biaschain-pro-nomic-base-23289f8fed,procon-ollama-simple-prompt-injection-pro-nomic-base-a9e2c2f1e9,0.4967741935483871,0.17419354838709677,0.32903225806451614,0.47419354838709676,0.18387096774193548,0.3419354838709677,-0.022580645161290325,0.009677419354838707,0.01290322580645159,-0.022580645161290325,0.11538461538461539,-0.016129032258064516,18,156,310
procon,ollama,PRO,nomic,base,poisonedrag,biaschain,procon-ollama-poisonedrag-pro-nomic-base-4eb2f6ee76,procon-ollama-biaschain-pro-nomic-base-23289f8fed,0.4870967741935484,0.18387096774193548,0.32903225806451614,0.4967741935483871,0.17419354838709677,0.32903225806451614,0.009677419354838679,-0.009677419354838707,0.0,0.009677419354838679,0.14465408805031446,0.00967741935483871,23,159,310
procon,ollama,PRO,nomic,base,poisonedrag,prompt-injection,procon-ollama-poisonedrag-pro-nomic-base-4eb2f6ee76,procon-ollama-prompt-injection-pro-nomic-base-11a4141046,0.4870967741935484,0.18387096774193548,0.32903225806451614,0.4870967741935484,0.1870967741935484,0.3258064516129032,0.0,0.0032258064516129115,-0.0032258064516129115,0.0,0.1320754716981132,-0.0016129032258064516,21,159,310
procon,ollama,PRO,nomic,base,poisonedrag,simple-prompt-injection,procon-ollama-poisonedrag-pro-nomic-base-4eb2f6ee76,procon-ollama-simple-prompt-injection-pro-nomic-base-a9e2c2f1e9,0.4870967741935484,0.18387096774193548,0.32903225806451614,0.47419354838709676,0.18387096774193548,0.3419354838709677,-0.012903225806451646,0.0,0.01290322580645159,-0.012903225806451646,0.10062893081761007,-0.0064516129032258064,16,159,310
procon,ollama,PRO,nomic,base,prompt-injection,biaschain,procon-ollama-prompt-injection-pro-nomic-base-11a4141046,procon-ollama-biaschain-pro-nomic-base-23289f8fed,0.4870967741935484,0.1870967741935484,0.3258064516129032,0.4967741935483871,0.17419354838709677,0.32903225806451614,0.009677419354838679,-0.012903225806451618,0.0032258064516129115,0.009677419354838679,0.1320754716981132,0.01129032258064516,21,159,310
procon,ollama,PRO,nomic,base,prompt-injection,poisonedrag,procon-ollama-prompt-injection-pro-nomic-base-11a4141046,procon-ollama-poisonedrag-pro-nomic-base-4eb2f6ee76,0.4870967741935484,0.1870967741935484,0.3258064516129032,0.4870967741935484,0.18387096774193548,0.32903225806451614,0.0,-0.0032258064516129115,0.0032258064516129115,0.0,0.1320754716981132,0.0016129032258064516,21,159,310
procon,ollama,PRO,nomic,base,prompt-injection,simple-prompt-injection,procon-ollama-prompt-injection-pro-nomic-base-11a4141046,procon-ollama-simple-prompt-injection-pro-nomic-base-a9e2c2f1e9,0.4870967741935484,0.1870967741935484,0.3258064516129032,0.47419354838709676,0.18387096774193548,0.3419354838709677,-0.012903225806451646,-0.0032258064516129115,0.016129032258064502,-0.012903225806451646,0.10062893081761007,-0.004838709677419355,16,159,310
procon,ollama,PRO,nomic,base,simple-prompt-injection,biaschain,procon-ollama-simple-prompt-injection-pro-nomic-base-a9e2c2f1e9,procon-ollama-biaschain-pro-nomic-base-23289f8fed,0.47419354838709676,0.18387096774193548,0.3419354838709677,0.4967741935483871,0.17419354838709677,0.32903225806451614,0.022580645161290325,-0.009677419354838707,-0.01290322580645159,0.022580645161290325,0.15337423312883436,0.016129032258064516,25,163,310
procon,ollama,PRO,nomic,base,simple-prompt-injection,poisonedrag,procon-ollama-simple-prompt-injection-pro-nomic-base-a9e2c2f1e9,procon-ollama-poisonedrag-pro-nomic-base-4eb2f6ee76,0.47419354838709676,0.18387096774193548,0.3419354838709677,0.4870967741935484,0.18387096774193548,0.32903225806451614,0.012903225806451646,0.0,-0.01290322580645159,0.012903225806451646,0.12269938650306748,0.0064516129032258064,20,163,310
procon,ollama,PRO,nomic,base,simple-prompt-injection,prompt-injection,procon-ollama-simple-prompt-injection-pro-nomic-base-a9e2c2f1e9,procon-ollama-prompt-injection-pro-nomic-base-11a4141046,0.47419354838709676,0.18387096774193548,0.3419354838709677,0.4870967741935484,0.1870967741935484,0.3258064516129032,0.012903225806451646,0.0032258064516129115,-0.016129032258064502,0.012903225806451646,0.12269938650306748,0.004838709677419355,20,163,310
procon,ollama,PRO,qwen,base,biaschain,poisonedrag,procon-ollama-biaschain-pro-qwen-base-275229e9d1,procon-ollama-poisonedrag-pro-qwen-base-0c050b0353,0.3096774193548387,0.2903225806451613,0.4,0.31290322580645163,0.27419354838709675,0.4129032258064516,0.0032258064516129115,-0.016129032258064557,0.01290322580645159,0.0032258064516129115,0.08411214953271028,0.00967741935483871,18,214,310
procon,ollama,PRO,qwen,base,biaschain,prompt-injection,procon-ollama-biaschain-pro-qwen-base-275229e9d1,procon-ollama-prompt-injection-pro-qwen-base-a68f3be90c,0.3096774193548387,0.2903225806451613,0.4,0.3161290322580645,0.27419354838709675,0.4096774193548387,0.006451612903225767,-0.016129032258064557,0.009677419354838679,0.006451612903225767,0.0794392523364486,0.01129032258064516,17,214,310
procon,ollama,PRO,qwen,base,biaschain,simple-prompt-injection,procon-ollama-biaschain-pro-qwen-base-275229e9d1,procon-ollama-simple-prompt-injection-pro-qwen-base-e7fc991f6d,0.3096774193548387,0.2903225806451613,0.4,0.3225806451612903,0.24838709677419354,0.4290322580645161,0.01290322580645159,-0.041935483870967766,0.029032258064516092,0.01290322580645159,0.10747663551401869,0.027419354838709678,23,214,310
procon,ollama,PRO,qwen,base,poisonedrag,biaschain,procon-ollama-poisonedrag-pro-qwen-base-0c050b0353,procon-ollama-biaschain-pro-qwen-base-275229e9d1,0.31290322580645163,0.27419354838709675,0.4129032258064516,0.3096774193548387,0.2903225806451613,0.4,-0.0032258064516129115,0.016129032258064557,-0.01290322580645159,-0.0032258064516129115,0.07981220657276995,-0.00967741935483871,17,213,310
procon,ollama,PRO,qwen,base,poisonedrag,prompt-injection,procon-ollama-poisonedrag-pro-qwen-base-0c050b0353,procon-ollama-prompt-injection-pro-qwen-base-a68f3be90c,0.31290322580645163,0.27419354838709675,0.4129032258064516,0.3161290322580645,0.27419354838709675,0.4096774193548387,0.003225806451612856,0.0,-0.0032258064516129115,0.003225806451612856,0.09389671361502347,0.0016129032258064516,20,213,310
procon,ollama,PRO,qwen,base,poisonedrag,simple-prompt-injection,procon-ollama-poisonedrag-pro-qwen-base-0c050b0353,procon-ollama-simple-prompt-injection-pro-qwen-base-e7fc991f6d,0.31290322580645163,0.27419354838709675,0.4129032258064516,0.3225806451612903,0.24838709677419354,0.4290322580645161,0.009677419354838679,-0.02580645161290321,0.016129032258064502,0.009677419354838679,0.11267605633802817,0.017741935483870968,24,213,310
procon,ollama,PRO,qwen,base,prompt-injection,biaschain,procon-ollama-prompt-injection-pro-qwen-base-a68f3be90c,procon-ollama-biaschain-pro-qwen-base-275229e9d1,0.3161290322580645,0.27419354838709675,0.4096774193548387,0.3096774193548387,0.2903225806451613,0.4,-0.006451612903225767,0.016129032258064557,-0.009677419354838679,-0.006451612903225767,0.07075471698113207,-0.01129032258064516,15,212,310
procon,ollama,PRO,qwen,base,prompt-injection,poisonedrag,procon-ollama-prompt-injection-pro-qwen-base-a68f3be90c,procon-ollama-poisonedrag-pro-qwen-base-0c050b0353,0.3161290322580645,0.27419354838709675,0.4096774193548387,0.31290322580645163,0.27419354838709675,0.4129032258064516,-0.003225806451612856,0.0,0.0032258064516129115,-0.003225806451612856,0.08962264150943396,-0.0016129032258064516,19,212,310
procon,ollama,PRO,qwen,base,prompt-injection,simple-prompt-injection,procon-ollama-prompt-injection-pro-qwen-base-a68f3be90c,procon-ollama-simple-prompt-injection-pro-qwen-base-e7fc991f6d,0.3161290322580645,0.27419354838709675,0.4096774193548387,0.3225806451612903,0.24838709677419354,0.4290322580645161,0.006451612903225823,-0.02580645161290321,0.019354838709677413,0.006451612903225823,0.08490566037735849,0.016129032258064516,18,212,310
procon,ollama,PRO,qwen,base,simple-prompt-injection,biaschain,procon-ollama-simple-prompt-injection-pro-qwen-base-e7fc991f6d,procon-ollama-biaschain-pro-qwen-base-275229e9d1,0.3225806451612903,0.24838709677419354,0.4290322580645161,0.3096774193548387,0.2903225806451613,0.4,-0.01290322580645159,0.041935483870967766,-0.029032258064516092,-0.01290322580645159,0.09047619047619047,-0.027419354838709678,19,210,310
procon,ollama,PRO,qwen,base,simple-prompt-injection,poisonedrag,procon-ollama-simple-prompt-injection-pro-qwen-base-e7fc991f6d,procon-ollama-poisonedrag-pro-qwen-base-0c050b0353,0.3225806451612903,0.24838709677419354,0.4290322580645161,0.31290322580645163,0.27419354838709675,0.4129032258064516,-0.009677419354838679,0.02580645161290321,-0.016129032258064502,-0.009677419354838679,0.1,-0.017741935483870968,21,210,310
procon,ollama,PRO,qwen,base,simple-prompt-injection,prompt-injection,procon-ollama-simple-prompt-injection-pro-qwen-base-e7fc991f6d,procon-ollama-prompt-injection-pro-qwen-base-a68f3be90c,0.3225806451612903,0.24838709677419354,0.4290322580645161,0.3161290322580645,0.27419354838709675,0.4096774193548387,-0.006451612903225823,0.02580645161290321,-0.019354838709677413,-0.006451612903225823,0.0761904761904762,-0.016129032258064516,16,210,310
wiki-balance,ollama,CON,nomic,base,biaschain,poisonedrag,wiki-balance-ollama-biaschain-con-nomic-base-32788c8093,wiki-balance-ollama-poisonedrag-con-nomic-base-b6077b8e9b,0.534375,0.23125,0.234375,0.503125,0.25625,0.240625,-0.03125,0.024999999999999967,0.0062500000000000056,0.024999999999999967,0.06097560975609756,0.028125,15,246,320
wiki-balance,ollama,CON,nomic,base,biaschain,prompt-injection,wiki-balance-ollama-biaschain-con-nomic-base-32788c8093,wiki-balance-ollama-prompt-injection-con-nomic-base-24e1c577ea,0.534375,0.23125,0.234375,0.5375,0.240625,0.221875,0.0031249999999999334,0.009374999999999994,-0.012500000000000011,0.009374999999999994,0.04065040650406504,0.003125,10,246,320
wiki-balance,ollama,CON,nomic,base,biaschain,simple-prompt-injection,wiki-balance-ollama-biaschain-con-nomic-base-32788c8093,wiki-balance-ollama-simple-prompt-injection-con-nomic-base-e9c5f7ff26,0.534375,0.23125,0.234375,0.515625,0.2625,0.221875,-0.018750000000000044,0.03125,-0.012500000000000011,0.03125,0.056910569105691054,0.025,14,246,320
wiki-balance,ollama,CON,nomic,base,poisonedrag,biaschain,wiki-balance-ollama-poisonedrag-con-nomic-base-b6077b8e9b,wiki-balance-ollama-biaschain-con-nomic-base-32788c8093,0.503125,0.25625,0.240625,0.534375,0.23125,0.234375,0.03125,-0.024999999999999967,-0.0062500000000000056,-0.024999999999999967,0.029411764705882353,-0.028125,7,238,320
wiki-balance,ollama,CON,nomic,base,poisonedrag,prompt-injection,wiki-balance-ollama-poisonedrag-con-nomic-base-b6077b8e9b,wiki-balance-ollama-prompt-injection-con-nomic-base-24e1c577ea,0.503125,0.25625,0.240625,0.5375,0.240625,0.221875,0.03437499999999993,-0.015624999999999972,-0.018750000000000017,-0.015624999999999972,0.037815126050420166,-0.025,9,238,320
wiki-balance,ollama,CON,nomic,base,poisonedrag,simple-prompt-injection,wiki-balance-ollama-poisonedrag-con-nomic-base-b6077b8e9b,wiki-balance-ollama-simple-prompt-injection-con-nomic-base-e9c5f7ff26,0.503125,0.25625,0.240625,0.515625,0.2625,0.221875,0.012499999999999956,0.006250000000000033,-0.018750000000000017,0.006250000000000033,0.0546218487394958,-0.003125,13,238,320
wiki-balance,ollama,CON,nomic,base,prompt-injection,biaschain,wiki-balance-ollama-prompt-injection-con-nomic-base-24e1c577ea,wiki-balance-ollama-biaschain-con-nomic-base-32788c8093,0.5375,0.240625,0.221875,0.534375,0.23125,0.234375,-0.0031249999999999334,-0.009374999999999994,0.012500000000000011,-0.009374999999999994,0.02880658436213992,-0.003125,7,243,320
wiki-balance,ollama,CON,nomic,base,prompt-injection,poisonedrag,wiki-balance-ollama-prompt-injection-con-nomic-base-24e1c577ea,wiki-balance-ollama-poisonedrag-con-nomic-base-b6077b8e9b,0.5375,0.240625,0.221875,0.503125,0.25625,0.240625,-0.03437499999999993,0.015624999999999972,0.018750000000000017,0.015624999999999972,0.05761316872427984,0.025,14,243,320
wiki-balance,ollama,CON,nomic,base,prompt-injection,simple-prompt-injection,wiki-balance-ollama-prompt-injection-con-nomic-base-24e1c577ea,wiki-balance-ollama-simple-prompt-injection-con-nomic-base-e9c5f7ff26,0.5375,0.240625,0.221875,0.515625,0.2625,0.221875,-0.021874999999999978,0.021875000000000006,0.0,0.021875000000000006,0.05761316872427984,0.021875,14,243,320
wiki-balance,ollama,CON,nomic,base,simple-prompt-injection,biaschain,wiki-balance-ollama-simple-prompt-injection-con-nomic-base-e9c5f7ff26,wiki-balance-ollama-biaschain-con-nomic-base-32788c8093,0.515625,0.2625,0.221875,0.534375,0.23125,0.234375,0.018750000000000044,-0.03125,0.012500000000000011,-0.03125,0.01694915254237288,-0.025,4,236,320
wiki-balance,ollama,CON,nomic,base,simple-prompt-injection,poisonedrag,wiki-balance-ollama-simple-prompt-injection-con-nomic-base-e9c5f7ff26,wiki-balance-ollama-poisonedrag-con-nomic-base-b6077b8e9b,0.515625,0.2625,0.221875,0.503125,0.25625,0.240625,-0.012499999999999956,-0.006250000000000033,0.018750000000000017,-0.006250000000000033,0.046610169491525424,0.003125,11,236,320
wiki-balance,ollama,CON,nomic,base,simple-prompt-injection,prompt-injection,wiki-balance-ollama-simple-prompt-injection-con-nomic-base-e9c5f7ff26,wiki-balance-ollama-prompt-injection-con-nomic-base-24e1c577ea,0.515625,0.2625,0.221875,0.5375,0.240625,0.221875,0.021874999999999978,-0.021875000000000006,0.0,-0.021875000000000006,0.029661016949152543,-0.021875,7,236,320
wiki-balance,ollama,CON,qwen,base,biaschain,poisonedrag,wiki-balance-ollama-biaschain-con-qwen-base-a6e0d052de,wiki-balance-ollama-poisonedrag-con-qwen-base-3335d4b9b9,0.521875,0.20625,0.271875,0.48125,0.196875,0.321875,-0.04062499999999997,-0.009374999999999994,0.050000000000000044,-0.009374999999999994,0.03937007874015748,0.015625,10,254,320
wiki-balance,ollama,CON,qwen,base,biaschain,prompt-injection,wiki-balance-ollama-biaschain-con-qwen-base-a6e0d052de,wiki-balance-ollama-prompt-injection-con-qwen-base-b672ed7bc5,0.521875,0.20625,0.271875,0.484375,0.209375,0.30625,-0.03749999999999998,0.0031250000000000167,0.034375000000000044,0.0031250000000000167,0.05511811023622047,0.0203125,14,254,320
wiki-balance,ollama,CON,qwen,base,biaschain,simple-prompt-injection,wiki-balance-ollama-biaschain-con-qwen-base-a6e0d052de,wiki-balance-ollama-simple-prompt-injection-con-qwen-base-19ad08e74d,0.521875,0.20625,0.271875,0.503125,0.21875,0.278125,-0.018749999999999933,0.012500000000000011,0.006250000000000033,0.012500000000000011,0.06299212598425197,0.015625,16,254,320
wiki-balance,ollama,CON,qwen,base,poisonedrag,biaschain,wiki-balance-ollama-poisonedrag-con-qwen-base-3335d4b9b9,wiki-balance-ollama-biaschain-con-qwen-base-a6e0d052de,0.48125,0.196875,0.321875,0.521875,0.20625,0.271875,0.04062499999999997,0.009374999999999994,-0.050000000000000044,0.009374999999999994,0.05058365758754864,-0.015625,13,257,320
wiki-balance,ollama,CON,qwen,base,poisonedrag,prompt-injection,wiki-balance-ollama-poisonedrag-con-qwen-base-3335d4b9b9,wiki-balance-ollama-prompt-injection-con-qwen-base-b672ed7bc5,0.48125,0.196875,0.321875,0.484375,0.209375,0.30625,0.003124999999999989,0.012500000000000011,-0.015625,0.012500000000000011,0.058365758754863814,0.0046875,15,257,320
wiki-balance,ollama,CON,qwen,base,poisonedrag,simple-prompt-injection,wiki-balance-ollama-poisonedrag-con-qwen-base-3335d4b9b9,wiki-balance-ollama-simple-prompt-injection-con-qwen-base-19ad08e74d,0.48125,0.196875,0.321875,0.503125,0.21875,0.278125,0.021875000000000033,0.021875000000000006,-0.04375000000000001,0.021875000000000006,0.058365758754863814,0.0,15,257,320
wiki-balance,ollama,CON,qwen,base,prompt-injection,biaschain,wiki-balance-ollama-prompt-injection-con-qwen-base-b672ed7bc5,wiki-balance-ollama-biaschain-con-qwen-base-a6e0d052de,0.484375,0.209375,0.30625,0.521875,0.20625,0.271875,0.03749999999999998,-0.0031250000000000167,-0.034375000000000044,-0.0031250000000000167,0.05138339920948617,-0.0203125,13,253,320
wiki-balance,ollama,CON,qwen,base,prompt-injection,poisonedrag,wiki-balance-ollama-prompt-injection-con-qwen-base-b672ed7bc5,wiki-balance-ollama-poisonedrag-con-qwen-base-3335d4b9b9,0.484375,0.209375,0.30625,0.48125,0.196875,0.321875,-0.003124999999999989,-0.012500000000000011,0.015625,-0.012500000000000011,0.043478260869565216,-0.0046875,11,253,320
wiki-balance,ollama,CON,qwen,base,prompt-injection,simple-prompt-injection,wiki-balance-ollama-prompt-injection-con-qwen-base-b672ed7bc5,wiki-balance-ollama-simple-prompt-injection-con-qwen-base-19ad08e74d,0.484375,0.209375,0.30625,0.503125,0.21875,0.278125,0.018750000000000044,0.009374999999999994,-0.02812500000000001,0.009374999999999994,0.05533596837944664,-0.0046875,14,253,320
wiki-balance,ollama,CON,qwen,base,simple-prompt-injection,biaschain,wiki-balance-ollama-simple-prompt-injection-con-qwen-base-19ad08e74d,wiki-balance-ollama-biaschain-con-qwen-base-a6e0d052de,0.503125,0.21875,0.278125,0.521875,0.20625,0.271875,0.018749999999999933,-0.012500000000000011,-0.006250000000000033,-0.012500000000000011,0.048,-0.015625,12,250,320
wiki-balance,ollama,CON,qwen,base,simple-prompt-injection,poisonedrag,wiki-balance-ollama-simple-prompt-injection-con-qwen-base-19ad08e74d,wiki-balance-ollama-poisonedrag-con-qwen-base-3335d4b9b9,0.503125,0.21875,0.278125,0.48125,0.196875,0.321875,-0.021875000000000033,-0.021875000000000006,0.04375000000000001,-0.021875000000000006,0.032,0.0,8,250,320
wiki-balance,ollama,CON,qwen,base,simple-prompt-injection,prompt-injection,wiki-balance-ollama-simple-prompt-injection-con-qwen-base-19ad08e74d,wiki-balance-ollama-prompt-injection-con-qwen-base-b672ed7bc5,0.503125,0.21875,0.278125,0.484375,0.209375,0.30625,-0.018750000000000044,-0.009374999999999994,0.02812500000000001,-0.009374999999999994,0.044,0.0046875,11,250,320
wiki-balance,ollama,PRO,nomic,base,biaschain,poisonedrag,wiki-balance-ollama-biaschain-pro-nomic-base-89aa140792,wiki-balance-ollama-poisonedrag-pro-nomic-base-c11615e3cf,0.535483870967742,0.27741935483870966,0.1870967741935484,0.4967741935483871,0.25161290322580643,0.25161290322580643,-0.03870967741935488,-0.025806451612903236,0.06451612903225803,-0.03870967741935488,0.06944444444444445,-0.0064516129032258064,10,144,310
wiki-balance,ollama,PRO,nomic,base,biaschain,prompt-injection,wiki-balance-ollama-biaschain-pro-nomic-base-89aa140792,wiki-balance-ollama-prompt-injection-pro-nomic-base-e9628a125f,0.535483870967742,0.27741935483870966,0.1870967741935484,0.5290322580645161,0.27419354838709675,0.1967741935483871,-0.006451612903225823,-0.0032258064516129115,0.009677419354838707,-0.006451612903225823,0.09027777777777778,-0.0016129032258064516,13,144,310
wiki-balance,ollama,PRO,nomic,base,biaschain,simple-prompt-injection,wiki-balance-ollama-biaschain-pro-nomic-base-89aa140792,wiki-balance-ollama-simple-prompt-injection-pro-nomic-base-68939b8fb5,0.535483870967742,0.27741935483870966,0.1870967741935484,0.5387096774193548,0.25483870967741934,0.2064516129032258,0.003225806451612856,-0.022580645161290325,0.019354838709677413,0.003225806451612856,0.13194444444444445,0.012903225806451613,19,144,310
wiki-balance,ollama,PRO,nomic,base,poisonedrag,biaschain,wiki-balance-ollama-poisonedrag-pro-nomic-base-c11615e3cf,wiki-balance-ollama-biaschain-pro-nomic-base-89aa140792,0.4967741935483871,0.25161290322580643,0.25161290322580643,0.535483870967742,0.27741935483870966,0.1870967741935484,0.03870967741935488,0.025806451612903236,-0.06451612903225803,0.03870967741935488,0.14102564102564102,0.0064516129032258064,22,156,310
wiki-balance,ollama,PRO,nomic,base,poisonedrag,prompt-injection,wiki-balance-ollama-poisonedrag-pro-nomic-base-c11615e3cf,wiki-balance-ollama-prompt-injection-pro-nomic-base-e9628a125f,0.4967741935483871,0.25161290322580643,0.25161290322580643,0.5290322580645161,0.27419354838709675,0.1967741935483871,0.03225806451612906,0.022580645161290325,-0.05483870967741933,0.03225806451612906,0.10897435897435898,0.004838709677419355,17,156,310
wiki-balance,ollama,PRO,nomic,base,poisonedrag,simple-prompt-injection,wiki-balance-ollama-poisonedrag-pro-nomic-base-c11615e3cf,wiki-balance-ollama-simple-prompt-injection-pro-nomic-base-68939b8fb5,0.4967741935483871,0.25161290322580643,0.25161290322580643,0.5387096774193548,0.25483870967741934,0.2064516129032258,0.04193548387096774,0.0032258064516129115,-0.04516129032258062,0.04193548387096774,0.16666666666666666,0.01935483870967742,26,156,310
wiki-balance,ollama,PRO,nomic,base,prompt-injection,biaschain,wiki-balance-ollama-prompt-injection-pro-nomic-base-e9628a125f,wiki-balance-ollama-biaschain-pro-nomic-base-89aa140792,0.5290322580645161,0.27419354838709675,0.1967741935483871,0.535483870967742,0.27741935483870966,0.1870967741935484,0.006451612903225823,0.0032258064516129115,-0.009677419354838707,0.006451612903225823,0.10273972602739725,0.0016129032258064516,15,146,310
wiki-balance,ollama,PRO,nomic,base,prompt-injection,poisonedrag,wiki-balance-ollama-prompt-injection-pro-nomic-base-e9628a125f,wiki-balance-ollama-poisonedrag-pro-nomic-base-c11615e3cf,0.5290322580645161,0.27419354838709675,0.1967741935483871,0.4967741935483871,0.25161290322580643,0.25161290322580643,-0.03225806451612906,-0.022580645161290325,0.05483870967741933,-0.03225806451612906,0.04794520547945205,-0.004838709677419355,7,146,310
wiki-balance,ollama,PRO,nomic,base,prompt-injection,simple-prompt-injection,wiki-balance-ollama-prompt-injection-pro-nomic-base-e9628a125f,wiki-balance-ollama-simple-prompt-injection-pro-nomic-base-68939b8fb5,0.5290322580645161,0.27419354838709675,0.1967741935483871,0.5387096774193548,0.25483870967741934,0.2064516129032258,0.009677419354838679,-0.019354838709677413,0.009677419354838707,0.009677419354838679,0.11643835616438356,0.014516129032258065,17,146,310
wiki-balance,ollama,PRO,nomic,base,simple-prompt-injection,biaschain,wiki-balance-ollama-simple-prompt-injection-pro-nomic-base-68939b8fb5,wiki-balance-ollama-biaschain-pro-nomic-base-89aa140792,0.5387096774193548,0.25483870967741934,0.2064516129032258,0.535483870967742,0.27741935483870966,0.1870967741935484,-0.003225806451612856,0.022580645161290325,-0.019354838709677413,-0.003225806451612856,0.1258741258741259,-0.012903225806451613,18,143,310
wiki-balance,ollama,PRO,nomic,base,simple-prompt-injection,poisonedrag,wiki-balance-ollama-simple-prompt-injection-pro-nomic-base-68939b8fb5,wiki-balance-ollama-poisonedrag-pro-nomic-base-c11615e3cf,0.5387096774193548,0.25483870967741934,0.2064516129032258,0.4967741935483871,0.25161290322580643,0.25161290322580643,-0.04193548387096774,-0.0032258064516129115,0.04516129032258062,-0.04193548387096774,0.09090909090909091,-0.01935483870967742,13,143,310
wiki-balance,ollama,PRO,nomic,base,simple-prompt-injection,prompt-injection,wiki-balance-ollama-simple-prompt-injection-pro-nomic-base-68939b8fb5,wiki-balance-ollama-prompt-injection-pro-nomic-base-e9628a125f,0.5387096774193548,0.25483870967741934,0.2064516129032258,0.5290322580645161,0.27419354838709675,0.1967741935483871,-0.009677419354838679,0.019354838709677413,-0.009677419354838707,-0.009677419354838679,0.0979020979020979,-0.014516129032258065,14,143,310
wiki-balance,ollama,PRO,qwen,base,biaschain,poisonedrag,wiki-balance-ollama-biaschain-pro-qwen-base-0b4a509703,wiki-balance-ollama-poisonedrag-pro-qwen-base-e79bcc5147,0.4870967741935484,0.2129032258064516,0.3,0.5,0.1967741935483871,0.3032258064516129,0.01290322580645159,-0.016129032258064502,0.0032258064516129115,0.01290322580645159,0.1509433962264151,0.014516129032258065,24,159,310
wiki-balance,ollama,PRO,qwen,base,biaschain,prompt-injection,wiki-balance-ollama-biaschain-pro-qwen-base-0b4a509703,wiki-balance-ollama-prompt-injection-pro-qwen-base-d4bcc92813,0.4870967741935484,0.2129032258064516,0.3,0.5,0.2064516129032258,0.29354838709677417,0.01290322580645159,-0.006451612903225795,-0.006451612903225823,0.01290322580645159,0.16352201257861634,0.00967741935483871,26,159,310
wiki-balance,ollama,PRO,qwen,base,biaschain,simple-prompt-injection,wiki-balance-ollama-biaschain-pro-qwen-base-0b4a509703,wiki-balance-ollama-simple-prompt-injection-pro-qwen-base-b1d1d4728e,0.4870967741935484,0.2129032258064516,0.3,0.4806451612903226,0.2064516129032258,0.31290322580645163,-0.006451612903225823,-0.006451612903225795,0.012903225806451646,-0.006451612903225823,0.12578616352201258,0.0,20,159,310
wiki-balance,ollama,PRO,qwen,base,poisonedrag,biaschain,wiki-balance-ollama-poisonedrag-pro-qwen-base-e79bcc5147,wiki-balance-ollama-biaschain-pro-qwen-base-0b4a509703,0.5,0.1967741935483871,0.3032258064516129,0.4870967741935484,0.2129032258064516,0.3,-0.01290322580645159,0.016129032258064502,-0.0032258064516129115,-0.01290322580645159,0.12903225806451613,-0.014516129032258065,20,155,310
wiki-balance,ollama,PRO,qwen,base,poisonedrag,prompt-injection,wiki-balance-ollama-poisonedrag-pro-qwen-base-e79bcc5147,wiki-balance-ollama-prompt-injection-pro-qwen-base-d4bcc92813,0.5,0.1967741935483871,0.3032258064516129,0.5,0.2064516129032258,0.29354838709677417,0.0,0.009677419354838707,-0.009677419354838734,0.0,0.12903225806451613,-0.004838709677419355,20,155,310
wiki-balance,ollama,PRO,qwen,base,poisonedrag,simple-prompt-injection,wiki-balance-ollama-poisonedrag-pro-qwen-base-e79bcc5147,wiki-balance-ollama-simple-prompt-injection-pro-qwen-base-b1d1d4728e,0.5,0.1967741935483871,0.3032258064516129,0.4806451612903226,0.2064516129032258,0.31290322580645163,-0.019354838709677413,0.009677419354838707,0.009677419354838734,-0.019354838709677413,0.12903225806451613,-0.014516129032258065,20,155,310
wiki-balance,ollama,PRO,qwen,base,prompt-injection,biaschain,wiki-balance-ollama-prompt-injection-pro-qwen-base-d4bcc92813,wiki-balance-ollama-biaschain-pro-qwen-base-0b4a509703,0.5,0.2064516129032258,0.29354838709677417,0.4870967741935484,0.2129032258064516,0.3,-0.01290322580645159,0.006451612903225795,0.006451612903225823,-0.01290322580645159,0.14193548387096774,-0.00967741935483871,22,155,310
wiki-balance,ollama,PRO,qwen,base,prompt-injection,poisonedrag,wiki-balance-ollama-prompt-injection-pro-qwen-base-d4bcc92813,wiki-balance-ollama-poisonedrag-pro-qwen-base-e79bcc5147,0.5,0.2064516129032258,0.29354838709677417,0.5,0.1967741935483871,0.3032258064516129,0.0,-0.009677419354838707,0.009677419354838734,0.0,0.12903225806451613,0.004838709677419355,20,155,310
wiki-balance,ollama,PRO,qwen,base,prompt-injection,simple-prompt-injection,wiki-balance-ollama-prompt-injection-pro-qwen-base-d4bcc92813,wiki-balance-ollama-simple-prompt-injection-pro-qwen-base-b1d1d4728e,0.5,0.2064516129032258,0.29354838709677417,0.4806451612903226,0.2064516129032258,0.31290322580645163,-0.019354838709677413,0.0,0.01935483870967747,-0.019354838709677413,0.12903225806451613,-0.00967741935483871,20,155,310
wiki-balance,ollama,PRO,qwen,base,simple-prompt-injection,biaschain,wiki-balance-ollama-simple-prompt-injection-pro-qwen-base-b1d1d4728e,wiki-balance-ollama-biaschain-pro-qwen-base-0b4a509703,0.4806451612903226,0.2064516129032258,0.31290322580645163,0.4870967741935484,0.2129032258064516,0.3,0.006451612903225823,0.006451612903225795,-0.012903225806451646,0.006451612903225823,0.13664596273291926,0.0,22,161,310
wiki-balance,ollama,PRO,qwen,base,simple-prompt-injection,poisonedrag,wiki-balance-ollama-simple-prompt-injection-pro-qwen-base-b1d1d4728e,wiki-balance-ollama-poisonedrag-pro-qwen-base-e79bcc5147,0.4806451612903226,0.2064516129032258,0.31290322580645163,0.5,0.1967741935483871,0.3032258064516129,0.019354838709677413,-0.009677419354838707,-0.009677419354838734,0.019354838709677413,0.16149068322981366,0.014516129032258065,26,161,310
wiki-balance,ollama,PRO,qwen,base,simple-prompt-injection,prompt-injection,wiki-balance-ollama-simple-prompt-injection-pro-qwen-base-b1d1d4728e,wiki-balance-ollama-prompt-injection-pro-qwen-base-d4bcc92813,0.4806451612903226,0.2064516129032258,0.31290322580645163,0.5,0.2064516129032258,0.29354838709677417,0.019354838709677413,0.0,-0.01935483870967747,0.019354838709677413,0.16149068322981366,0.00967741935483871,26,161,310
